value, volume,mass,density
1, 1.200,1.199,0.999127
2, 1.201,1.200,0.999127
3, 1.202,1.201,0.999127
4, 1.203,1.202,0.999127
5, 1.204,1.203,0.999127
6, 1.205,1.204,0.999127
