dataset,volume,mass,density
1,1.200,1.198,0.9984
2,1.200,1.200,1
3,1.200,1.199,0.999127
4,1.200,1.195,0.9954786816
5,1.2000,1.1929,0.994059
6,1.2000,1.1883,0.99024
7,1.2000,1.1828,0.985698
8,1.2000,1.1767,0.980558
